t,intr_x,intr_y,intr_z,def0_x,def0_y,def0_z,def1_x,def1_y,def1_z,event
0.0,-5.299999713897705,0.0,-12.30865478515625,0.0,-5.0,-2.64821720123291,0.0,5.0,-2.62564754486084,
0.1,-5.298104286193848,-1.3207406088927565e-12,-12.285890579223633,-0.0019301484571769834,-4.998772144317627,-2.649204730987549,-0.0023632810916751623,4.99953031539917,-2.6270623207092285,
0.2,-25.888790130615234,-1.6678269876280183e-11,-21.911163330078125,-0.02309463918209076,-4.985881805419922,-2.684387683868408,-0.02707519382238388,4.994819641113281,-2.6627519130706787,
0.30000000000000004,-25.86837387084961,-6.19029688619932e-11,-21.754491806030273,-0.08794169127941132,-4.948446750640869,-2.7535784244537354,-0.10252319276332855,4.980653762817383,-2.7359063625335693,
0.4,-46.43914794921875,-1.2994694209567115e-10,-31.249860763549805,-0.17542718350887299,-4.90861177444458,-2.8118669986724854,-0.21894347667694092,4.959282398223877,-2.805664539337158,
0.5,-46.40430450439453,-2.100495333223762e-10,-31.009601593017578,-0.3005436956882477,-4.865086078643799,-2.868367910385132,-0.3346661329269409,4.938502311706543,-2.8507890701293945,
0.6000000000000001,-66.96109771728516,-3.0637831160973406e-10,-40.436119079589844,-0.45622000098228455,-4.823410987854004,-2.9150543212890625,-0.5256195068359375,4.906167984008789,-2.898587465286255,
0.7000000000000001,-77.19795227050781,-4.4753753480897274e-10,-44.8953857421875,-0.6592554450035095,-4.781459331512451,-2.954219341278076,-0.7082915902137756,4.877615928649902,-2.927271604537964,
0.8,-77.12447357177734,-6.222527493271457e-10,-44.46375274658203,-0.8910539746284485,-4.7444329261779785,-2.9821507930755615,-0.94605952501297,4.843785285949707,-2.9510607719421387,
0.9,-87.3387680053711,-8.251939687120569e-10,-48.84488296508789,-1.1289414167404175,-4.714486598968506,-3.0001749992370605,-1.1885894536972046,4.812775135040283,-2.9661784172058105,
1.0,-97.5514907836914,-9.873095674350907e-10,-53.24443054199219,-1.3654052019119263,-4.690406322479248,-3.011688709259033,-1.4286620616912842,4.784956932067871,-2.9757165908813477,
1.1,-118.04255676269531,-1.1168187485921521e-09,-62.41304397583008,-1.636242389678955,-4.667905807495117,-3.020047426223755,-1.7379674911499023,4.752598285675049,-2.9832231998443604,
1.2000000000000002,-117.91317749023438,-1.1747522954408396e-09,-61.815555572509766,-1.9569032192230225,-4.646452903747559,-3.0258708000183105,-2.0264012813568115,4.725428104400635,-2.9872703552246094,
1.3,-128.08139038085938,-1.1801111199361003e-09,-66.09477233886719,-2.2312140464782715,-4.63148307800293,-3.028687000274658,-2.302716016769409,4.701789855957031,-2.989500045776367,
1.4000000000000001,-138.2571563720703,-1.1474048378090629e-09,-70.43472290039062,-2.513622522354126,-4.618581771850586,-3.030273914337158,-2.5867881774902344,4.679594039916992,-2.9906952381134033,
1.5,-148.38975524902344,-1.0423166774131687e-09,-74.62942504882812,-2.8345587253570557,-4.606350898742676,-3.0310516357421875,-2.909235715866089,4.656622886657715,-2.991199254989624,
1.6,-168.81265258789062,-9.498004605035248e-10,-83.6791000366211,-3.1464052200317383,-4.596433639526367,-3.0311503410339355,-3.222249746322632,4.636293411254883,-2.991143226623535,
1.7000000000000002,-168.64120483398438,-9.245080256903293e-10,-83.07826232910156,-3.471813201904297,-4.587733268737793,-3.030831813812256,-3.5486302375793457,4.616898059844971,-2.990741491317749,
1.8,-178.7639923095703,-9.49791134630118e-10,-87.3385238647461,-3.793635129928589,-4.580465793609619,-3.0302703380584717,-3.8712217807769775,4.599339962005615,-2.990143299102783,
1.9000000000000001,-188.8471221923828,-1.0308051079377378e-09,-91.50325012207031,-4.144403457641602,-4.573766231536865,-3.0295000076293945,-4.222657203674316,4.5818095207214355,-2.989358425140381,
2.0,-198.91680908203125,-1.1019154477764914e-09,-95.66102600097656,-4.490312576293945,-4.568173885345459,-3.0286591053009033,-4.569083213806152,4.565949440002441,-2.9885191917419434,
2.1,-219.27972412109375,-1.2078253952552132e-09,-104.68464660644531,-4.822012424468994,-4.563576698303223,-3.027825355529785,-4.943910121917725,4.550169467926025,-2.987588405609131,
2.2,-229.32290649414062,-1.3553341782213124e-09,-108.83203125,-5.181643962860107,-4.55928897857666,-3.0269243717193604,-5.261143207550049,4.537803649902344,-2.986809730529785,
2.3000000000000003,-229.08865356445312,-1.5091864424832124e-09,-108.21379852294922,-5.517460346221924,-4.555823802947998,-3.026103973388672,-5.597203731536865,4.525599956512451,-2.986008882522583,
2.4000000000000004,-239.08700561523438,-1.6917844902764045e-09,-112.29928588867188,-5.889454364776611,-4.552490234375,-3.02523136138916,-5.969406604766846,4.513049125671387,-2.985156774520874,
2.5,-259.4465026855469,-1.7702828092325262e-09,-121.41938018798828,-6.219454288482666,-4.549898624420166,-3.0244927406311035,-6.334361553192139,4.501615524291992,-2.9843602180480957,
2.6,-269.4580383300781,-1.8075975161124802e-09,-125.59202575683594,-6.5678887367248535,-4.547473430633545,-3.023751735687256,-6.700464248657227,4.490902423858643,-2.98360276222229,
2.7,-269.14208984375,-1.854455922156717e-09,-124.87179565429688,-6.960964202880859,-4.545058250427246,-3.022963285446167,-7.0412726402282715,4.481546401977539,-2.982936382293701,
2.8000000000000003,-289.39837646484375,-1.9106607407337606e-09,-133.81900024414062,-7.311160564422607,-4.543147087097168,-3.0223002433776855,-7.391530513763428,4.4724955558776855,-2.982285737991333,
2.9000000000000004,-289.0780334472656,-1.954272743631691e-09,-133.13150024414062,-7.679535388946533,-4.5413384437561035,-3.0216405391693115,-7.759949207305908,4.46351957321167,-2.9816386699676514,
3.0,-299.0302734375,-1.96307192723566e-09,-137.25816345214844,-8.039687156677246,-4.539740085601807,-3.021030902862549,-8.12012767791748,4.455231189727783,-2.9810380935668945,
3.1,-319.2626953125,-1.9488182179117075e-09,-146.21751403808594,-8.400285720825195,-4.5382795333862305,-3.020451068878174,-8.480743408203125,4.447361946105957,-2.98046612739563,
3.2,-318.904296875,-1.989509668121059e-09,-145.5054473876953,-8.778875350952148,-4.536874294281006,-3.0198729038238525,-8.859335899353027,4.43950891494751,-2.9798948764801025,
3.3000000000000003,-328.91497802734375,-2.0456105698229976e-09,-149.79566955566406,-9.06083869934082,-4.535900115966797,-3.0194597244262695,-9.141297340393066,4.433913230895996,-2.9794867038726807,
3.4000000000000004,-349.11065673828125,-2.06073846875654e-09,-158.73025512695312,-9.457615852355957,-4.534618854522705,-3.0189030170440674,-9.538064956665039,4.426372528076172,-2.978936195373535,
3.5,-348.72711181640625,-1.9933261707905103e-09,-158.01268005371094,-9.837002754211426,-4.533479690551758,-3.01839280128479,-9.917435646057129,4.419491291046143,-2.97843074798584,
3.6,-358.6148681640625,-1.8519795697002905e-09,-162.109375,-10.198925971984863,-4.532459735870361,-3.017925262451172,-10.279340744018555,4.413207054138184,-2.977966785430908,
3.7,-368.48345947265625,-1.603958965645802e-09,-166.1859588623047,-10.57866096496582,-4.531451225280762,-3.0174505710601807,-10.65905475616455,4.406880855560303,-2.977496862411499,
3.8000000000000003,-388.66510009765625,-1.4277214965829899e-09,-175.15374755859375,-10.923187255859375,-4.530581951141357,-3.0170342922210693,-11.003561973571777,4.4013566970825195,-2.9770829677581787,
3.9000000000000004,-388.23931884765625,-1.2887070299782977e-09,-174.4148406982422,-11.303157806396484,-4.52966833114624,-3.016587495803833,-11.383505821228027,4.395483493804932,-2.9766387939453125,
4.0,-408.4065246582031,-1.1126988219700706e-09,-183.38357543945312,-11.647859573364258,-4.528877258300781,-3.016193151473999,-11.772379875183105,4.38969612121582,-2.976196765899658,
4.1000000000000005,-418.2662658691406,-1.0299048280870693e-09,-187.49957275390625,-12.019147872924805,-4.528059482574463,-3.015777587890625,-12.09945011138916,4.384992599487305,-2.9758336544036865,
4.2,-417.8307800292969,-9.879718154692796e-10,-186.7818145751953,-12.399341583251953,-4.5272536277771,-3.0153605937957764,-12.479616165161133,4.379703998565674,-2.975419282913208,
4.3,-427.6424865722656,-9.935877676170435e-10,-190.8427276611328,-12.779586791992188,-4.526481628417969,-3.014951705932617,-12.859833717346191,4.374597072601318,-2.97501277923584,
4.4,-447.8531494140625,-1.1270553379461035e-09,-199.92800903320312,-13.10680866241455,-4.5258378982543945,-3.0146074295043945,-13.18703556060791,4.370332717895508,-2.974668502807617,
4.5,-457.6872863769531,-1.3243952601271758e-09,-204.047119140625,-13.478278160095215,-4.525128364562988,-3.014219284057617,-13.602706909179688,4.365077495574951,-2.9742376804351807,
4.6000000000000005,-457.2277526855469,-1.5125731778198315e-09,-203.33245849609375,-13.858627319335938,-4.524424076080322,-3.0138299465179443,-13.938804626464844,4.360954761505127,-2.973893404006958,
4.7,-477.33837890625,-1.7190964207713932e-09,-212.28770446777344,-14.203618049621582,-4.5238037109375,-3.0134782791137695,-14.283771514892578,4.356837272644043,-2.9735443592071533,
4.800000000000001,-476.8434753417969,-1.9687107499777312e-09,-211.5366973876953,-14.601699829101562,-4.523107051849365,-3.0130815505981445,-14.681829452514648,4.352217674255371,-2.9731476306915283,
4.9,-497.04302978515625,-2.239763707834186e-09,-220.64366149902344,-14.973258972167969,-4.522473335266113,-3.0127105712890625,-15.053372383117676,4.348025321960449,-2.972776412963867,
5.0,-506.9391174316406,-2.560050171851458e-09,-224.8974609375,-15.300606727600098,-4.521926403045654,-3.012385845184326,-15.380685806274414,4.344423294067383,-2.972454071044922,
5.1000000000000005,-516.7425537109375,-2.933726594989139e-09,-229.02061462402344,-15.636801719665527,-4.521380424499512,-3.012059211730957,-15.716858863830566,4.340806484222412,-2.97212815284729,
5.2,-516.2283325195312,-3.255265612622793e-09,-228.27197265625,-16.02608299255371,-4.520758628845215,-3.01168155670166,-16.10612678527832,4.3367228507995605,-2.971749782562256,
5.300000000000001,-536.3486938476562,-3.467406362034353e-09,-237.28697204589844,-16.397706985473633,-4.520177841186523,-3.0113213062286377,-16.47768211364746,4.3329243659973145,-2.9713897705078125,
5.4,-546.2041015625,-3.5567080391984973e-09,-241.50509643554688,-16.733938217163086,-4.519665718078613,-3.010995388031006,-16.813913345336914,4.329564571380615,-2.9710638523101807,
5.5,-556.0039672851562,-3.635022283177136e-09,-245.6490020751953,-17.061321258544922,-4.519171714782715,-3.0106773376464844,-17.14129638671875,4.326361656188965,-2.97074818611145,
5.6000000000000005,-565.8396606445312,-3.7843332911791094e-09,-249.84925842285156,-17.397552490234375,-4.518677234649658,-3.010359525680542,-17.477527618408203,4.323139667510986,-2.9704315662384033,
5.7,-565.3190307617188,-3.973158246850517e-09,-249.1218719482422,-17.778024673461914,-4.518123626708984,-3.010000467300415,-17.857999801635742,4.319572925567627,-2.9700725078582764,
5.800000000000001,-575.135009765625,-4.143297704928273e-09,-253.30421447753906,-18.10540771484375,-4.5176591873168945,-3.0096917152404785,-18.185382843017578,4.316568851470947,-2.96976375579834,
5.9,-595.1806030273438,-4.338950088111915e-09,-262.2472839355469,-18.459335327148438,-4.517163276672363,-3.0093579292297363,-18.539310455322266,4.313385009765625,-2.9694299697875977,
6.0,-594.6492309570312,-4.499937311663871e-09,-261.52099609375,-18.839807510375977,-4.516635417938232,-3.0089988708496094,-18.919782638549805,4.31002950668335,-2.9690709114074707,
6.1000000000000005,-614.6875610351562,-4.640842821146407e-09,-270.4645690917969,-19.184886932373047,-4.516170978546143,-3.008673667907715,-19.264862060546875,4.3070454597473145,-2.968745708465576,
6.2,-614.1636352539062,-4.755166038705738e-09,-269.7576904296875,-19.565359115600586,-4.515658378601074,-3.008314847946167,-19.645334243774414,4.3038177490234375,-2.9683868885040283,
6.300000000000001,-634.2366943359375,-4.862945157668719e-09,-278.75811767578125,-19.90159034729004,-4.515218257904053,-3.0079972743988037,-20.025806427001953,4.30065393447876,-2.9680278301239014,
6.4,-644.0211181640625,-4.958033983371024e-09,-282.92388916015625,-20.264366149902344,-4.514749050140381,-3.007655620574951,-20.344341278076172,4.298051834106445,-2.9677276611328125,
6.5,-643.4749755859375,-5.044060280567919e-09,-282.19940185546875,-20.6536865234375,-4.514245510101318,-3.0072882175445557,-20.733661651611328,4.294928550720215,-2.967360258102417,
6.6000000000000005,-653.1837768554688,-5.116846502062344e-09,-286.27288818359375,-21.034156799316406,-4.513771057128906,-3.0069291591644287,-21.114131927490234,4.291935443878174,-2.96700119972229,
6.7,-673.3302001953125,-5.152561488586116e-09,-295.3861999511719,-21.361541748046875,-4.513365268707275,-3.006620407104492,-21.485755920410156,4.289064407348633,-2.96665096282959,
6.800000000000001,-672.7754516601562,-5.170078143379442e-09,-294.66253662109375,-21.75086212158203,-4.512882709503174,-3.006253480911255,-21.83083724975586,4.286441326141357,-2.966325521469116,
6.9,-692.846923828125,-5.156557403296347e-09,-303.68328857421875,-22.13133430480957,-4.512423515319824,-3.005894660949707,-22.211307525634766,4.283596992492676,-2.9659667015075684,
7.0,-702.6304321289062,-5.1107003073980195e-09,-307.8695373535156,-22.494110107421875,-4.511993408203125,-3.005552291870117,-22.57408332824707,4.28093147277832,-2.9656243324279785,
7.1000000000000005,-702.05419921875,-5.017152027164684e-09,-307.12823486328125,-22.84803581237793,-4.511573791503906,-3.005218982696533,-22.92801284790039,4.278372764587402,-2.9652910232543945,
7.2,-711.7755126953125,-4.881085757801884e-09,-311.2406005859375,-23.210811614990234,-4.511143684387207,-3.0048766136169434,-23.290788650512695,4.275792121887207,-2.964949369430542,
7.300000000000001,-731.7807006835938,-4.695758448747256e-09,-320.18817138671875,-23.564741134643555,-4.5107421875,-3.004542827606201,-23.644716262817383,4.273313045501709,-2.9646148681640625,
7.4,-741.5421142578125,-4.485689153455041e-09,-324.3568420410156,-23.918668746948242,-4.510341644287109,-3.004209518432617,-24.051733016967773,4.270506381988525,-2.964231491088867,
7.5,-751.3016357421875,-4.234197437114062e-09,-328.52581787109375,-24.290292739868164,-4.509921073913574,-3.003859281539917,-24.370267868041992,4.268342971801758,-2.9639313220977783,
7.6000000000000005,-761.0592651367188,-3.940089587928242e-09,-332.6949157714844,-24.65306854248047,-4.509510517120361,-3.00351619720459,-24.777284622192383,4.265621662139893,-2.9635467529296875,
7.7,-760.485595703125,-3.585240326842154e-09,-331.9736633300781,-25.042387008666992,-4.509085655212402,-3.0031492710113525,-25.12236213684082,4.263350963592529,-2.963221311569214,
7.800000000000001,-780.5391845703125,-3.208098897644618e-09,-340.9966735839844,-25.387468338012695,-4.508713722229004,-3.002824068069458,-25.51168441772461,4.260828018188477,-2.9628546237945557,
7.9,-790.2919921875,-2.7889481835075003e-09,-345.1664123535156,-25.759090423583984,-4.508313179016113,-3.0024735927581787,-25.88330841064453,4.258455276489258,-2.9625041484832764,
8.0,-800.057861328125,-2.341996596655349e-09,-349.3548278808594,-26.12186622619629,-4.507922172546387,-3.002131223678589,-26.246084213256836,4.256173610687256,-2.9621617794036865,
8.1,-809.7770385742188,-1.8165356996391324e-09,-353.4879150390625,-26.49349021911621,-4.507523059844971,-3.0017809867858887,-26.57346534729004,4.2541399002075195,-2.961857318878174,
8.200000000000001,-809.195556640625,-1.2537305638105067e-09,-352.7679138183594,-26.8828125,-4.507124423980713,-3.0014140605926514,-26.962787628173828,4.251757621765137,-2.961500883102417,
8.3,-829.2272338867188,-6.705588306843424e-10,-361.77337646484375,-27.21904182434082,-4.50678014755249,-3.001096725463867,-27.35210609436035,4.249410152435303,-2.961143732070923,
8.4,-838.9275512695312,-1.7937441462723136e-11,-365.8885803222656,-27.60836410522461,-4.506381511688232,-3.0007293224334717,-27.688339233398438,4.247408390045166,-2.9608354568481445,
8.5,-838.371826171875,6.16621476101642e-10,-365.20599365234375,-27.97998809814453,-4.506000995635986,-3.0003881454467773,-28.05996322631836,4.245223045349121,-2.9604949951171875,
8.6,-848.1290283203125,1.2593306397690185e-09,-369.39556884765625,-28.31621742248535,-4.505656719207764,-3.000079870223999,-28.39619255065918,4.243272304534912,-2.9601871967315674,
8.700000000000001,-857.8861694335938,1.9247179405823545e-09,-373.5854187011719,-28.687843322753906,-4.50528621673584,-2.999739408493042,-28.7678165435791,4.241140842437744,-2.9598467350006104,
8.8,-867.6270141601562,2.6290500887427015e-09,-377.7569580078125,-29.05061912536621,-4.504934310913086,-2.9994072914123535,-29.130592346191406,4.239083766937256,-2.959514617919922,
8.9,-887.6365356445312,3.3900178220136468e-09,-386.74505615234375,-29.404544830322266,-4.50459098815918,-2.999082565307617,-29.484519958496094,4.2371015548706055,-2.9591898918151855,
9.0,-897.40576171875,4.085360938432814e-09,-390.9537353515625,-29.7319278717041,-4.504273414611816,-2.9987828731536865,-29.81190299987793,4.235287666320801,-2.9588897228240967,
9.1,-907.128173828125,4.849332491119185e-09,-395.107421875,-30.094703674316406,-4.5039215087890625,-2.99845027923584,-30.174678802490234,4.233300685882568,-2.958557605743408,
9.200000000000001,-916.8350830078125,5.640869993328579e-09,-399.2425842285156,-30.46632957458496,-4.503561019897461,-2.998110294342041,-30.546302795410156,4.231289386749268,-2.958217144012451,
9.3,-916.2551879882812,6.4167640090317946e-09,-398.5427551269531,-30.8468017578125,-4.503191947937012,-2.9977617263793945,-30.926776885986328,4.229256629943848,-2.957869291305542,
9.4,-936.2752075195312,7.194531637111368e-09,-407.5501403808594,-31.18303108215332,-4.502879619598389,-2.997453451156616,-31.26300621032715,4.227483749389648,-2.9575603008270264,
9.5,-935.6792602539062,7.991157957576434e-09,-406.83221435546875,-31.57235336303711,-4.502522945404053,-2.9970970153808594,-31.652328491210938,4.225455284118652,-2.9572038650512695,
9.600000000000001,-955.6970825195312,8.762041758814121e-09,-415.83984375,-31.917430877685547,-4.502206802368164,-2.9967808723449707,-32.04165267944336,4.223451137542725,-2.9568474292755127,
9.700000000000001,-965.4147338867188,9.523541066869257e-09,-419.9941711425781,-32.289119720458984,-4.501866340637207,-2.9964404106140137,-32.41335678100586,4.221560478210449,-2.9565069675445557,
9.8,-975.0848388671875,1.0328949251459107e-08,-424.0932312011719,-32.678524017333984,-4.501509666442871,-2.9960832595825195,-32.758514404296875,4.219824314117432,-2.956190824508667,
9.9,-974.5157470703125,1.1037763592014471e-08,-423.4126892089844,-33.041378021240234,-4.5011773109436035,-2.99575138092041,-33.12136459350586,4.218019485473633,-2.9558587074279785,
10.0,-994.4848022460938,1.1797548715719586e-08,-432.36541748046875,-33.404232025146484,-4.500844955444336,-2.9954192638397217,-33.484222412109375,4.216235160827637,-2.955526113510132,
10.100000000000001,-993.8834838867188,1.2490080081306587e-08,-431.648193359375,-33.793636322021484,-4.500494480133057,-2.9950621128082275,-33.873626708984375,4.214341163635254,-2.9551689624786377,
10.200000000000001,-1003.6893310546875,1.303256080831261e-08,-435.9135437011719,-34.112239837646484,-4.500219821929932,-2.9947705268859863,-34.192230224609375,4.212808132171631,-2.9548771381378174,
10.3,-1023.7796630859375,1.356912360250817e-08,-445.0142517089844,-34.448543548583984,-4.499929904937744,-2.994462251663208,-34.528533935546875,4.2112040519714355,-2.9545695781707764,
10.4,-1023.1774291992188,1.4167850892476963e-08,-444.2976989746094,-34.793697357177734,-4.499632358551025,-2.9941461086273193,-34.87368392944336,4.2095723152160645,-2.9542534351348877,
10.5,-1032.85888671875,1.4734866660148782e-08,-448.4159240722656,-35.165401458740234,-4.499311923980713,-2.993805408477783,-35.24538803100586,4.207833290100098,-2.9539129734039307,
10.600000000000001,-1042.538818359375,1.5250215312789805e-08,-452.5343017578125,-35.537105560302734,-4.4989914894104,-2.9934654235839844,-35.61709213256836,4.206111907958984,-2.9535722732543945,
10.700000000000001,-1062.5498046875,1.568825602760171e-08,-461.54302978515625,-35.882259368896484,-4.498693943023682,-2.9931492805480957,-36.00649642944336,4.204328536987305,-2.9532158374786377,
10.8,-1062.0072021484375,1.6043950168409538e-08,-460.9002380371094,-36.236263275146484,-4.498388767242432,-2.9928252696990967,-36.316253662109375,4.202924728393555,-2.952932119369507,
10.9,-1071.6561279296875,1.6417885717601166e-08,-464.982421875,-36.607967376708984,-4.498068332672119,-2.9924845695495605,-36.687957763671875,4.201253890991211,-2.9525914192199707,
11.0,-1081.320556640625,1.6718317397135252e-08,-469.0827331542969,-36.970821380615234,-4.497755527496338,-2.992151975631714,-37.05080795288086,4.1996378898620605,-2.952258825302124,
11.100000000000001,-1091.04638671875,1.6924770918080867e-08,-473.2568359375,-37.342525482177734,-4.497445583343506,-2.991811990737915,-37.42251205444336,4.197997570037842,-2.951918840408325,
11.200000000000001,-1111.0706787109375,1.707012664553531e-08,-482.2843322753906,-37.68767547607422,-4.497166633605957,-2.9914958477020264,-37.767669677734375,4.19649076461792,-2.9516026973724365,
11.3,-1120.7926025390625,1.7155970866156167e-08,-486.45855712890625,-38.04167938232422,-4.496880531311035,-2.99117112159729,-38.157073974609375,4.194807529449463,-2.9512455463409424,
11.4,-1130.5926513671875,1.717936015666055e-08,-490.72467041015625,-38.36028289794922,-4.4966230392456055,-2.990879535675049,-38.475677490234375,4.193442344665527,-2.950953960418701,
11.5,-1129.9832763671875,1.7145607600355106e-08,-490.00897216796875,-38.74083709716797,-4.4963154792785645,-2.9905309677124023,-38.82082748413086,4.191975116729736,-2.9506378173828125,
11.600000000000001,-1149.9427490234375,1.702960972238543e-08,-498.96307373046875,-39.11254119873047,-4.4960150718688965,-2.990190267562866,-39.19253158569336,4.190412998199463,-2.9502971172332764,
11.700000000000001,-1159.6334228515625,1.6845538297616258e-08,-503.1006164550781,-39.47539520263672,-4.495721817016602,-2.9898576736450195,-39.555389404296875,4.188904762268066,-2.949965238571167,
11.8,-1169.3240966796875,1.6583838302608456e-08,-507.2381591796875,-39.84709930419922,-4.495421409606934,-2.9895176887512207,-39.927093505859375,4.18737268447876,-2.949624538421631,
11.9,-1168.7303466796875,1.6253157042456223e-08,-506.5406494140625,-40.22765350341797,-4.495113849639893,-2.9891693592071533,-40.30764389038086,4.185818672180176,-2.9492759704589844,
12.0,-1178.4210205078125,1.5835583511147888e-08,-510.67828369140625,-40.59050750732422,-4.494820594787598,-2.9888365268707275,-40.670501708984375,4.184352397918701,-2.9489433765411377,
12.100000000000001,-1198.4273681640625,1.534995952567897e-08,-519.6879272460938,-40.94451141357422,-4.494534492492676,-2.9885125160217285,-41.077606201171875,4.182724952697754,-2.94857120513916,
12.200000000000001,-1197.8179931640625,1.4766284195388835e-08,-518.9722290039062,-41.34276580810547,-4.494225025177002,-2.988147497177124,-41.42275619506836,4.18135404586792,-2.9482548236846924,
12.3,-1207.5867919921875,1.419410367020646e-08,-523.201904296875,-41.652523040771484,-4.493991374969482,-2.9878642559051514,-41.732513427734375,4.180135726928711,-2.9479711055755615,
12.4,-1217.2767333984375,1.3465804471479714e-08,-527.3402099609375,-42.024227142333984,-4.493710994720459,-2.9875237941741943,-42.104217529296875,4.178684711456299,-2.9476306438446045,
12.5,-1237.3907470703125,1.2828830442401795e-08,-536.4785766601562,-42.36937713623047,-4.49345064163208,-2.9872076511383057,-42.44936752319336,4.1773457527160645,-2.947314500808716,
12.600000000000001,-1247.09375,1.197403154407084e-08,-540.6353149414062,-42.696834564208984,-4.493203639984131,-2.9869072437286377,-42.82107162475586,4.175920009613037,-2.946974515914917,
12.700000000000001,-1246.621337890625,1.1240883779350952e-08,-540.0851440429688,-43.00658416748047,-4.492969989776611,-2.986624002456665,-43.08657455444336,4.1749043464660645,-2.946730852127075,
12.8,-1256.385986328125,1.0334951561219441e-08,-544.3148803710938,-43.39598846435547,-4.492676258087158,-2.98626708984375,-43.47597885131836,4.173434257507324,-2.94637393951416,
12.9,-1276.4664306640625,9.398727129905637e-09,-553.4173583984375,-43.705745697021484,-4.492442607879639,-2.98598313331604,-43.82998275756836,4.172105312347412,-2.946049690246582,
13.0,-1275.8365478515625,8.187502231749022e-09,-552.6842651367188,-44.10399627685547,-4.492142200469971,-2.9856181144714355,-44.18398666381836,4.1707892417907715,-2.945725679397583,
13.100000000000001,-1285.553955078125,6.988981393618587e-09,-556.8591918945312,-44.44029998779297,-4.491888523101807,-2.9853105545043945,-44.52029037475586,4.169548988342285,-2.945418119430542,
13.200000000000001,-1305.665771484375,5.92851945313555e-09,-565.9984741210938,-44.74120330810547,-4.491661548614502,-2.985034704208374,-44.82119369506836,4.1684465408325195,-2.9451420307159424,
13.3,-1305.0675048828125,4.5566128648033555e-09,-565.3021850585938,-45.121761322021484,-4.491374492645264,-2.9846861362457275,-45.201751708984375,4.1670637130737305,-2.9447929859161377,
13.4,-1325.02197265625,2.9853708394256273e-09,-574.2572631835938,-45.48461151123047,-4.491100788116455,-2.984353542327881,-45.56460189819336,4.1657538414001465,-2.9444611072540283,
13.5,-1324.423583984375,1.4473990894714461e-09,-573.5606689453125,-45.85631561279297,-4.490820407867432,-2.984013557434082,-45.93630599975586,4.1644287109375,-2.944120407104492,
13.600000000000001,-1344.4410400390625,-1.2470646737483548e-10,-582.58935546875,-46.17491912841797,-4.490580081939697,-2.9837212562561035,-46.25490951538086,4.163295745849609,-2.943828582763672,
13.700000000000001,-1354.158447265625,-1.764306700735574e-09,-586.7650146484375,-46.52892303466797,-4.490325927734375,-2.9833977222442627,-46.653167724609375,4.161899089813232,-2.9434635639190674,
13.8,-1363.828369140625,-3.625843847387955e-09,-590.885009765625,-46.909481048583984,-4.4900593757629395,-2.983048677444458,-46.989471435546875,4.160722732543945,-2.9431560039520264,
13.9,-1363.308837890625,-5.223825816358385e-09,-590.2803344726562,-47.23693084716797,-4.489830017089844,-2.9827489852905273,-47.31692123413086,4.15959358215332,-2.9428558349609375,
14.0,-1372.97900390625,-7.231945708952026e-09,-594.4010009765625,-47.60863494873047,-4.489569664001465,-2.982408285140991,-47.68862533569336,4.158314228057861,-2.9425151348114014,
14.100000000000001,-1392.9176025390625,-9.427945535378512e-09,-603.3379516601562,-47.971492767333984,-4.489315509796143,-2.9820756912231445,-48.051483154296875,4.157082557678223,-2.942183256149292,
14.200000000000001,-1392.3193359375,-1.1493055396272212e-08,-602.6414794921875,-48.343196868896484,-4.489055156707764,-2.9817357063293457,-48.423187255859375,4.155821800231934,-2.941842555999756,
14.3,-1401.9578857421875,-1.3860598890858e-08,-606.7249755859375,-48.72374725341797,-4.48878812789917,-2.9813873767852783,-48.80373764038086,4.154550552368164,-2.9414939880371094,
14.4,-1421.912109375,-1.6256883839105285e-08,-615.6801147460938,-49.068904876708984,-4.488546848297119,-2.9810709953308105,-49.148895263671875,4.153397560119629,-2.9411778450012207,
14.5,-1421.3138427734375,-1.8557402725605243e-08,-614.9837036132812,-49.44945526123047,-4.488280296325684,-2.980721950531006,-49.52944564819336,4.152144432067871,-2.9408295154571533,
14.600000000000001,-1441.2838134765625,-2.1058450982991417e-08,-623.9574584960938,-49.794612884521484,-4.488038539886475,-2.980405807495117,-49.874603271484375,4.151010036468506,-2.9405131340026855,
14.700000000000001,-1450.985595703125,-2.351232097907996e-08,-628.1146850585938,-50.15746307373047,-4.487784385681152,-2.9800736904144287,-50.23745346069336,4.149829387664795,-2.940181255340576,
14.8,-1450.38720703125,-2.6042336287446233e-08,-627.4183959960938,-50.538021087646484,-4.487517833709717,-2.9797253608703613,-50.618011474609375,4.148599624633789,-2.9398319721221924,
14.9,-1470.4046630859375,-2.8579250965776737e-08,-636.4473876953125,-50.927425384521484,-4.487245082855225,-2.979368209838867,-51.007415771484375,4.147350788116455,-2.9394755363464355,
15.0,-1469.8531494140625,-3.096030809501826e-08,-635.8060913085938,-51.23717498779297,-4.487028121948242,-2.9790849685668945,-51.31716537475586,4.146365642547607,-2.939192533493042,
15.100000000000001,-1479.5225830078125,-3.345714461033822e-08,-639.9269409179688,-51.60887908935547,-4.486767768859863,-2.9787445068359375,-51.68886947631836,4.145184516906738,-2.938851833343506,
15.200000000000001,-1489.191162109375,-3.570235307392977e-08,-644.0474853515625,-51.971736907958984,-4.486513614654541,-2.978412389755249,-52.051727294921875,4.144050598144531,-2.938519239425659,
15.3,-1498.875,-3.764984768395152e-08,-648.1864013671875,-52.325740814208984,-4.486265659332275,-2.9780876636505127,-52.405731201171875,4.1429443359375,-2.93819522857666,
15.4,-1518.85791015625,-3.9350936731352704e-08,-657.1787109375,-52.679744720458984,-4.48601770401001,-2.9777636528015137,-52.795135498046875,4.141736030578613,-2.9378387928009033,
15.5,-1528.5390625,-4.07996409990119e-08,-661.317626953125,-53.04259490966797,-4.485780715942383,-2.977431058883667,-53.12258529663086,4.140730381011963,-2.9375383853912354,
15.600000000000001,-1527.920166015625,-4.1996766952934195e-08,-660.60302734375,-53.43199920654297,-4.485528945922852,-2.97707462310791,-53.51198959350586,4.1395344734191895,-2.9371819496154785,
15.700000000000001,-1537.8551025390625,-4.257522334683017e-08,-665.0355224609375,-53.67980194091797,-4.485368728637695,-2.9768474102020264,-53.75979232788086,4.138783931732178,-2.936954975128174,
15.8,-1558.2647705078125,-4.284990140490663e-08,-674.5230102539062,-53.794857025146484,-4.485293865203857,-2.9767425060272217,-53.90139389038086,4.138356685638428,-2.9368247985839844,
15.9,-1558.012939453125,-4.3202199151437526e-08,-674.231689453125,-53.96300506591797,-4.485185623168945,-2.976588010787964,-54.04299545288086,4.137929439544678,-2.936694860458374,
16.0,-1578.0303955078125,-4.3905988178494226e-08,-683.2637329101562,-54.308162689208984,-4.484962463378906,-2.976271867752075,-54.388153076171875,4.136888027191162,-2.9363787174224854,
16.1,-1587.7318115234375,-4.441550416345308e-08,-687.4219360351562,-54.662166595458984,-4.484733581542969,-2.975947856903076,-54.742156982421875,4.135833263397217,-2.9360551834106445,
16.2,-1587.133544921875,-4.4680721345002894e-08,-686.72607421875,-55.04271697998047,-4.484487533569336,-2.9755992889404297,-55.12270736694336,4.134705543518066,-2.93570613861084,
16.3,-1607.134765625,-4.469630709991179e-08,-695.7366943359375,-55.387874603271484,-4.484264373779297,-2.975283145904541,-55.467864990234375,4.133690357208252,-2.935389995574951,
16.400000000000002,-1616.85107421875,-4.445516665896321e-08,-699.9122314453125,-55.75072479248047,-4.484029769897461,-2.9749505519866943,-55.83071517944336,4.13263463973999,-2.9350578784942627,
16.5,-1616.2508544921875,-4.3962380402717827e-08,-699.2160034179688,-56.14012908935547,-4.48377799987793,-2.9745941162109375,-56.22011947631836,4.131502151489258,-2.934701442718506,
16.6,-1636.23388671875,-4.320695978776712e-08,-708.208251953125,-56.485286712646484,-4.483554363250732,-2.974277973175049,-56.60952377319336,4.13038969039917,-2.934344530105591,
16.7,-1635.66259765625,-4.226631489245847e-08,-707.5486450195312,-56.84813690185547,-4.483320236206055,-2.9739458560943604,-56.92812728881836,4.129480361938477,-2.9340527057647705,
16.8,-1645.37548828125,-4.108921913825725e-08,-711.7246704101562,-57.18444061279297,-4.483102798461914,-2.973637580871582,-57.26443099975586,4.1285247802734375,-2.933744430541992,
16.900000000000002,-1665.388427734375,-3.967630490819829e-08,-720.754150390625,-57.53844451904297,-4.482873916625977,-2.973313570022583,-57.662689208984375,4.127408981323242,-2.9333794116973877,
17.0,-1664.76953125,-3.790338354292544e-08,-720.0394287109375,-57.92784881591797,-4.482622146606445,-2.972956418991089,-58.00783920288086,4.126441955566406,-2.933063268661499,
17.1,-1674.4505615234375,-3.586508157127355e-08,-724.1783447265625,-58.290706634521484,-4.482387542724609,-2.972623825073242,-58.370697021484375,4.125432014465332,-2.9327311515808105,
17.2,-1684.11572265625,-3.349562405219331e-08,-728.2989501953125,-58.662410736083984,-4.482147216796875,-2.9722838401794434,-58.742401123046875,4.124410629272461,-2.9323906898498535,
17.3,-1693.76513671875,-3.083717103891104e-08,-732.4010009765625,-59.04296112060547,-4.481901168823242,-2.971935272216797,-59.12295150756836,4.1233649253845215,-2.932042121887207,
17.400000000000002,-1703.462158203125,-2.8347958647145788e-08,-736.5581665039062,-59.388118743896484,-4.481677532196045,-2.971619129180908,-59.468109130859375,4.1224188804626465,-2.9317259788513184,
17.5,-1723.4908447265625,-2.5985027463093502e-08,-745.6055908203125,-59.78636932373047,-4.481420516967773,-2.9712541103363037,-59.86635971069336,4.1213459968566895,-2.931361675262451,
17.6,-1722.935546875,-2.3681774763417707e-08,-744.964599609375,-60.096126556396484,-4.48121976852417,-2.97097110748291,-60.176116943359375,4.120511531829834,-2.931077241897583,
17.7,-1742.9007568359375,-2.1041991260517534e-08,-753.9392700195312,-60.450130462646484,-4.480990886688232,-2.970646381378174,-60.530120849609375,4.119557857513428,-2.930753707885742,
17.8,-1752.5977783203125,-1.8525019740422977e-08,-758.0966186523438,-60.81298065185547,-4.480756759643555,-2.9703142642974854,-60.89297103881836,4.118594169616699,-2.9304211139678955,
17.900000000000002,-1762.310546875,-1.6064449326336216e-08,-762.2723999023438,-61.175838470458984,-4.480532169342041,-2.9699816703796387,-61.30007553100586,4.117519378662109,-2.9300482273101807,
18.0,-1761.7076416015625,-1.3525633946187554e-08,-761.5762939453125,-61.55638885498047,-4.480306625366211,-2.969633102416992,-61.63637924194336,4.116631507873535,-2.9297404289245605,
18.1,-1771.388671875,-1.0907432290707675e-08,-765.7153930664062,-61.919246673583984,-4.480091571807861,-2.9693009853363037,-61.999237060546875,4.115683555603027,-2.929407835006714,
18.2,-1781.0220947265625,-8.072963630922914e-09,-769.7993774414062,-62.308650970458984,-4.479860782623291,-2.9689440727233887,-62.388641357421875,4.114676475524902,-2.929050922393799,
18.3,-1790.798583984375,-5.833737493077251e-09,-774.0485229492188,-62.644954681396484,-4.479661464691162,-2.9686357975006104,-62.724945068359375,4.11380672454834,-2.9287431240081787,
18.400000000000002,-1810.79541015625,-3.2421196838328115e-09,-783.0595092773438,-62.998958587646484,-4.479451656341553,-2.9683117866516113,-63.12319564819336,4.112776756286621,-2.9283783435821533,
18.5,-1820.524169921875,-7.731332796190316e-10,-787.2537231445312,-63.36180877685547,-4.479236125946045,-2.9679789543151855,-63.486053466796875,4.111855983734131,-2.928046226501465,
18.6,-1819.9527587890625,1.7109190730835167e-09,-786.5942993164062,-63.724666595458984,-4.4790215492248535,-2.967647075653076,-63.804656982421875,4.111049175262451,-2.9277544021606445,
18.7,-1829.72900390625,4.000654474367593e-09,-790.8438720703125,-64.06981658935547,-4.478816986083984,-2.9673309326171875,-64.14981079101562,4.110175132751465,-2.927438259124756,
18.8,-1849.7100830078125,6.722967516026301e-09,-799.8366088867188,-64.43267059326172,-4.478601932525635,-2.966998815536499,-64.51266479492188,4.109256267547607,-2.927105665206909,
18.900000000000002,-1859.391357421875,9.464416805826659e-09,-803.9755249023438,-64.80437469482422,-4.478381633758545,-2.966658353805542,-64.88436889648438,4.108334541320801,-2.926764965057373,
19.0,-1869.1201171875,1.201170629627768e-08,-808.169921875,-65.15837860107422,-4.4781718254089355,-2.9663336277008057,-65.23837280273438,4.107457160949707,-2.926440954208374,
19.1,-1868.5169677734375,1.4718947838332497e-08,-807.4740600585938,-65.53893280029297,-4.4779462814331055,-2.9659855365753174,-65.61892700195312,4.106513977050781,-2.9260923862457275,
19.200000000000003,-1888.498046875,1.7515604966433784e-08,-816.4669189453125,-65.88408660888672,-4.477741718292236,-2.9656693935394287,-65.96408081054688,4.105661869049072,-2.925776243209839,
19.3,-1887.95849609375,1.9970686437886798e-08,-815.8444213867188,-66.22924041748047,-4.477537155151367,-2.96535325050354,-66.30923461914062,4.104825019836426,-2.92546010017395,
19.400000000000002,-1897.6236572265625,2.2877529204379243e-08,-819.9656982421875,-66.60094451904297,-4.477316856384277,-2.965012788772583,-66.68093872070312,4.103923797607422,-2.925119638442993,
19.5,-1907.2730712890625,2.5879250742377735e-08,-824.0681762695312,-66.97264862060547,-4.4770965576171875,-2.964672088623047,-67.05264282226562,4.103022575378418,-2.924778938293457,
19.6,-1917.0018310546875,2.8534852702932767e-08,-828.2626342773438,-67.32665252685547,-4.47688627243042,-2.9643473625183105,-67.40664672851562,4.102164268493652,-2.924454927444458,
19.700000000000003,-1926.6671142578125,3.150692862163851e-08,-832.3833618164062,-67.69835662841797,-4.476666450500488,-2.9640069007873535,-67.77835083007812,4.101282119750977,-2.924114227294922,
19.8,-1936.332275390625,3.450141505823012e-08,-836.5040283203125,-68.07006072998047,-4.476446151733398,-2.9636669158935547,-68.15005493164062,4.100400924682617,-2.923773765563965,
19.900000000000002,-1956.297607421875,3.751816635144678e-08,-845.4782104492188,-68.42406463623047,-4.476236343383789,-2.9633429050445557,-68.50405883789062,4.09956169128418,-2.923449754714966,
20.0,-1966.05810546875,4.009931231507835e-08,-849.709228515625,-68.75151824951172,-4.4760422706604,-2.9630424976348877,-68.83151245117188,4.098785400390625,-2.923150062561035,
20.1,-1975.755126953125,4.300093081610612e-08,-853.8673095703125,-69.11437225341797,-4.475827217102051,-2.9627106189727783,-69.19436645507812,4.097932815551758,-2.9228172302246094,
20.200000000000003,-1975.13623046875,4.599797165383279e-08,-853.1531982421875,-69.50377655029297,-4.4755964279174805,-2.9623539447784424,-69.58377075195312,4.0970306396484375,-2.9224607944488525,
20.3,-1995.117431640625,4.9013078040616165e-08,-862.145751953125,-69.84893035888672,-4.475391864776611,-2.9620378017425537,-69.96432495117188,4.09614896774292,-2.922112464904785,
20.400000000000002,-1994.482666015625,5.212355347339326e-08,-861.4132690429688,-70.23833465576172,-4.475161075592041,-2.9616808891296387,-70.31832885742188,4.0953288078308105,-2.921787738800049,
20.5,-2014.5269775390625,5.485992460307898e-08,-870.4794311523438,-70.57463836669922,-4.474961757659912,-2.9613726139068604,-70.69003295898438,4.0944719314575195,-2.9214470386505127,
20.6,-2013.8763427734375,5.8081646159280353e-08,-869.7285766601562,-70.97289276123047,-4.474725723266602,-2.961007595062256,-71.05288696289062,4.093650817871094,-2.9211151599884033,
20.700000000000003,-2023.620849609375,6.084599846190031e-08,-873.9412231445312,-71.32689666748047,-4.474515914916992,-2.960684061050415,-71.40689086914062,4.0928497314453125,-2.920790910720825,
20.8,-2043.601806640625,6.393947415972434e-08,-882.933837890625,-71.68090057373047,-4.474306106567383,-2.9603593349456787,-71.76089477539062,4.092048645019531,-2.920466899871826,
20.900000000000002,-2042.9671630859375,6.712600963965087e-08,-882.201171875,-72.07915496826172,-4.474070072174072,-2.9599945545196533,-72.15914916992188,4.091147422790527,-2.9201018810272217,
21.0,-2052.711669921875,6.992400614080907e-08,-886.4139404296875,-72.42430877685547,-4.473865032196045,-2.9596781730651855,-72.50430297851562,4.090374946594238,-2.919785737991333,
21.1,-2062.376708984375,7.313106209494435e-08,-890.5349731445312,-72.79601287841797,-4.473645210266113,-2.9593377113342285,-72.87600708007812,4.0895538330078125,-2.919445037841797,
21.200000000000003,-2072.026123046875,7.642715615929774e-08,-894.6376342773438,-73.16771697998047,-4.473426818847656,-2.9589977264404297,-73.24771118164062,4.088732719421387,-2.91910457611084,
21.3,-2081.707275390625,7.956988667956466e-08,-898.7769165039062,-73.52172088623047,-4.473236083984375,-2.9586737155914307,-73.60171508789062,4.087950706481934,-2.918780565261841,
21.400000000000002,-2101.6884765625,8.27189481356072e-08,-907.7698364257812,-73.88457489013672,-4.473040580749512,-2.958340883255005,-73.99996948242188,4.087070941925049,-2.9184160232543945,
21.5,-2101.037841796875,8.603554135788727e-08,-907.018798828125,-74.28282928466797,-4.47282600402832,-2.9579765796661377,-74.36282348632812,4.086275577545166,-2.918083429336548,
21.6,-2110.782470703125,8.887052871386913e-08,-911.2316284179688,-74.63683319091797,-4.472635269165039,-2.9576518535614014,-74.71682739257812,4.085512638092041,-2.917759418487549,
21.700000000000003,-2130.716064453125,9.227577635328998e-08,-920.169189453125,-75.00853729248047,-4.472434997558594,-2.9573113918304443,-75.08853149414062,4.08471155166626,-2.9174187183380127,
21.8,-2130.09716796875,9.544039869524568e-08,-919.4551391601562,-75.38909149169922,-4.472229957580566,-2.956963539123535,-75.46908569335938,4.08389139175415,-2.917069673538208,
21.900000000000002,-2150.1259765625,9.836378467298346e-08,-928.503173828125,-75.73423767089844,-4.472043991088867,-2.9566471576690674,-75.81423950195312,4.0831475257873535,-2.9167540073394775,
22.0,-2159.8388671875,1.0137057415704476e-07,-932.6792602539062,-76.09709930419922,-4.471848487854004,-2.9563145637512207,-76.21249389648438,4.082292556762695,-2.916388988494873,
22.1,-2159.219970703125,1.0454252219460614e-07,-931.9652099609375,-76.47764587402344,-4.471643447875977,-2.9559662342071533,-76.55764770507812,4.081567287445068,-2.9160728454589844,
22.200000000000003,-2168.853271484375,1.0796150462510923e-07,-936.0496826171875,-76.85820770263672,-4.471438407897949,-2.9556169509887695,-76.93820190429688,4.080767631530762,-2.915724515914917,
22.3,-2178.56640625,1.1097631613665726e-07,-940.2257690429688,-77.22105407714844,-4.471242904663086,-2.95528507232666,-77.30105590820312,4.080005168914795,-2.9153923988342285,
22.400000000000002,-2198.579345703125,1.1399320953842107e-07,-949.25537109375,-77.57505798339844,-4.471052169799805,-2.954960823059082,-77.65505981445312,4.079261302947998,-2.915067672729492,
22.5,-2197.96044921875,1.1717389014620494e-07,-948.5413818359375,-77.95561981201172,-4.470847129821777,-2.9546122550964355,-78.03561401367188,4.078461647033691,-2.9147191047668457,
22.6,-2207.67333984375,1.2019104644878098e-07,-952.717529296875,-78.29192352294922,-4.47066593170166,-2.9543042182922363,-78.37191772460938,4.077766418457031,-2.9144108295440674,
22.700000000000003,-2227.79736328125,1.2263605242424092e-07,-961.8759155273438,-78.58396911621094,-4.470508098602295,-2.9540367126464844,-78.70822143554688,4.077077865600586,-2.9141032695770264,
22.8,-2227.241943359375,1.2548632355446898e-07,-961.2357788085938,-78.93797302246094,-4.470317840576172,-2.9537127017974854,-79.01797485351562,4.076443672180176,-2.9138195514678955,
22.900000000000002,-2247.239013671875,1.28577553937248e-07,-970.24755859375,-79.27427673339844,-4.470136642456055,-2.953404426574707,-79.40737915039062,4.07564640045166,-2.9134624004364014,
23.0,-2246.68359375,1.3141985277798085e-07,-969.6068725585938,-79.63713836669922,-4.469941139221191,-2.9530718326568604,-79.71713256835938,4.07501220703125,-2.9131791591644287,
23.1,-2266.64892578125,1.3466211612467305e-07,-978.5818481445312,-79.99114227294922,-4.46975040435791,-2.9527478218078613,-80.07113647460938,4.074287414550781,-2.9128544330596924,
23.200000000000003,-2276.329833984375,1.3781503582777077e-07,-982.7211303710938,-80.36284637451172,-4.469550132751465,-2.952407121658325,-80.44284057617188,4.073535442352295,-2.9125139713287354,
23.3,-2275.72705078125,1.4087790134453826e-07,-982.025390625,-80.73455047607422,-4.4693498611450195,-2.9520671367645264,-80.81454467773438,4.0727949142456055,-2.9121739864349365,
23.400000000000002,-2285.392333984375,1.4409208404231322e-07,-986.1467895507812,-81.08855438232422,-4.469159126281738,-2.95174241065979,-81.16854858398438,4.072089195251465,-2.9118499755859375,
23.5,-2295.0576171875,1.4729346275998978e-07,-990.2677001953125,-81.46025848388672,-4.468958854675293,-2.951401948928833,-81.54025268554688,4.071348190307617,-2.9115092754364014,
23.6,-2304.722900390625,1.5048127011141332e-07,-994.3888549804688,-81.82310485839844,-4.46876335144043,-2.9510698318481445,-81.90310668945312,4.070624828338623,-2.911177396774292,
23.700000000000003,-2324.7041015625,1.535740494773563e-07,-1003.3817749023438,-82.17711639404297,-4.468572616577148,-2.950745105743408,-82.25711059570312,4.069919109344482,-2.9108526706695557,
23.8,-2334.432861328125,1.5641417405731772e-07,-1007.5765380859375,-82.57537078857422,-4.468358039855957,-2.950380802154541,-82.65535736083984,4.069135665893555,-2.910487651824951,
23.900000000000002,-2333.766357421875,1.5970621802807727e-07,-1006.8073120117188,-82.94706726074219,-4.468157768249512,-2.950040102005005,-83.02706909179688,4.068414688110352,-2.910146951675415,
24.0,-2353.794921875,1.625085985779151e-07,-1015.8553466796875,-83.29222106933594,-4.4679718017578125,-2.949723958969116,-83.37222290039062,4.067745208740234,-2.9098308086395264,
24.1,-2353.271240234375,1.6506298550211795e-07,-1015.2517700195312,-83.61967468261719,-4.467795372009277,-2.9494242668151855,-83.69967651367188,4.067110061645508,-2.9095311164855957,
24.200000000000003,-2373.268310546875,1.679876504567801e-07,-1024.2635498046875,-84.00907897949219,-4.467585563659668,-2.9490678310394287,-84.08908081054688,4.066354751586914,-2.909174680709839,
24.3,-2372.633544921875,1.7104328264849755e-07,-1023.5310668945312,-84.36308288574219,-4.467394828796387,-2.9487431049346924,-84.44308471679688,4.065668106079102,-2.90885066986084,
24.400000000000002,-2382.298583984375,1.7407549535164435e-07,-1027.6522216796875,-84.73479461669922,-4.467194557189941,-2.9484026432037354,-84.81478118896484,4.064949989318848,-2.9085099697113037,
24.5,-2402.295654296875,1.7693409404273552e-07,-1036.6634521484375,-85.07109069824219,-4.467013359069824,-2.9480950832366943,-85.19534301757812,4.064232349395752,-2.908160924911499,
24.6,-2411.99267578125,1.7976788058149396e-07,-1040.8212890625,-85.44280242919922,-4.466813087463379,-2.947754383087158,-85.52278900146484,4.063614845275879,-2.9078612327575684,
24.700000000000003,-2411.468994140625,1.8220806907720544e-07,-1040.21728515625,-85.77024841308594,-4.466636657714844,-2.9474542140960693,-85.85025024414062,4.062997341156006,-2.9075615406036377,
24.8,-2421.118408203125,1.8521362221690651e-07,-1044.3214111328125,-86.15081024169922,-4.466431617736816,-2.94710636138916,-86.23079681396484,4.06227970123291,-2.907212495803833,
24.900000000000002,-2441.06787109375,1.8818583669144573e-07,-1053.277587890625,-86.50481414794922,-4.466240882873535,-2.946781635284424,-86.58480072021484,4.061612129211426,-2.906888961791992,
25.0,-2450.79638671875,1.9076638579917926e-07,-1057.47216796875,-86.85881805419922,-4.466050148010254,-2.9464573860168457,-86.93880462646484,4.060944557189941,-2.906564235687256,
25.1,-2450.161865234375,1.9359985969913396e-07,-1056.7398681640625,-87.25706481933594,-4.4658355712890625,-2.946092367172241,-87.33706665039062,4.0601983070373535,-2.9061992168426514,
25.200000000000003,-2459.890625,1.961195721378317e-07,-1060.9344482421875,-87.61106872558594,-4.465644836425781,-2.945768356323242,-87.69107055664062,4.059549808502197,-2.9058756828308105,
25.3,-2469.555908203125,1.988877897929342e-07,-1065.0556640625,-87.97392272949219,-4.465449333190918,-2.9454362392425537,-88.05392456054688,4.058885097503662,-2.905543088912964,
25.400000000000002,-2479.237060546875,2.0155385982434382e-07,-1069.1951904296875,-88.33678436279297,-4.465253829956055,-2.945103645324707,-88.41677856445312,4.058220386505127,-2.905210494995117,
25.5,-2488.88623046875,2.043214237801294e-07,-1073.2979736328125,-88.72618865966797,-4.465044021606445,-2.944746732711792,-88.80618286132812,4.057507038116455,-2.9048540592193604,
25.6,-2508.947021484375,2.0658997357259068e-07,-1082.3828125,-89.05364227294922,-4.46486759185791,-2.9444470405578613,-89.17788696289062,4.056826114654541,-2.9045135974884033,
25.700000000000003,-2518.6123046875,2.092289292932037e-07,-1086.504150390625,-89.43419647216797,-4.464662551879883,-2.944098472595215,-89.51419067382812,4.056210041046143,-2.904205799102783,
25.8,-2518.00927734375,2.1170733077724435e-07,-1085.8087158203125,-89.81474304199219,-4.4644575119018555,-2.9437499046325684,-89.89474487304688,4.05551290512085,-2.9038567543029785,
25.900000000000002,-2537.958740234375,2.1435067765196436e-07,-1094.7647705078125,-90.17760467529297,-4.464262008666992,-2.9434173107147217,-90.25759887695312,4.05486536026001,-2.90352463722229,
26.0,-2547.67138671875,2.1671148431323672e-07,-1098.9415283203125,-90.54045867919922,-4.464066505432129,-2.943085193634033,-90.65584564208984,4.05415678024292,-2.9031596183776855,
26.1,-2547.036865234375,2.1923547421920375e-07,-1098.209228515625,-90.92986297607422,-4.4638566970825195,-2.9427287578582764,-91.00984954833984,4.05352783203125,-2.9028356075286865,
26.200000000000003,-2556.7021484375,2.2173379932155513e-07,-1102.3304443359375,-91.30155944824219,-4.463656425476074,-2.9423882961273193,-91.38156127929688,4.0528669357299805,-2.9024951457977295,
26.3,-2566.44677734375,2.2390085518964042e-07,-1106.5435791015625,-91.62016296386719,-4.463494777679443,-2.942096471786499,-91.70016479492188,4.052300453186035,-2.902203321456909,
26.400000000000002,-2586.50732421875,2.2599158455705037e-07,-1115.629638671875,-91.92991638183594,-4.463344573974609,-2.941812038421631,-92.04531860351562,4.051686763763428,-2.9018871784210205,
26.5,-2585.87255859375,2.2843123304028268e-07,-1114.8984375,-92.31932067871094,-4.463155746459961,-2.941455602645874,-92.39932250976562,4.0510573387146,-2.9015629291534424,
26.6,-2605.88525390625,2.3066924370596098e-07,-1123.927978515625,-92.65563201904297,-4.4629926681518555,-2.941148042678833,-92.78872680664062,4.05036735534668,-2.9012064933776855,
26.700000000000003,-2605.266357421875,2.3300923146507557e-07,-1123.21435546875,-93.05388641357422,-4.462799549102783,-2.9407830238342285,-93.13387298583984,4.049772262573242,-2.900890350341797,
26.8,-2625.294921875,2.3515423208664288e-07,-1132.2623291015625,-93.39018249511719,-4.462636470794678,-2.94047474861145,-93.51443481445312,4.049116134643555,-2.900541305541992,
26.900000000000002,-2624.66064453125,2.3752166100621253e-07,-1131.5303955078125,-93.78844451904297,-4.4624433517456055,-2.940110445022583,-93.86843872070312,4.048505783081055,-2.900217294692993,
27.0,-2634.373291015625,2.3969985818439454e-07,-1135.7069091796875,-94.12474060058594,-4.4622802734375,-2.9398021697998047,-94.20474243164062,4.04792594909668,-2.899909019470215,
27.1,-2654.43359375,2.4169247581085074e-07,-1144.792724609375,-94.46105194091797,-4.4621171951293945,-2.9394938945770264,-94.54104614257812,4.047346115112305,-2.899601459503174,
27.200000000000003,-2653.830810546875,2.4390990915890143e-07,-1144.09716796875,-94.84159851074219,-4.46193265914917,-2.93914532661438,-94.92160034179688,4.046689987182617,-2.89925217628479,
27.3,-2663.51171875,2.4617682470307045e-07,-1148.2369384765625,-95.20446014404297,-4.461756706237793,-2.938812732696533,-95.28445434570312,4.046064376831055,-2.8989202976226807,
27.400000000000002,-2673.224609375,2.483206458236964e-07,-1152.413330078125,-95.54960632324219,-4.461589336395264,-2.9384965896606445,-95.62960815429688,4.045469284057617,-2.898604154586792,
27.5,-2682.905517578125,2.505739189473388e-07,-1156.5528564453125,-95.93901062011719,-4.461400508880615,-2.9381401538848877,-96.01901245117188,4.044813632965088,-2.898247718811035,
27.6,-2692.554931640625,2.529380935811787e-07,-1160.656005859375,-96.31956481933594,-4.461215496063232,-2.937791585922241,-96.39956665039062,4.044177532196045,-2.8978984355926514,
27.700000000000003,-2712.599365234375,2.549533633100509e-07,-1169.7222900390625,-96.66472625732422,-4.461048603057861,-2.9374754428863525,-96.74471282958984,4.0436015129089355,-2.8975822925567627,
27.8,-2711.98046875,2.5719720042616245e-07,-1169.0087890625,-97.04528045654297,-4.460864067077637,-2.937127113342285,-97.12527465820312,4.042965888977051,-2.8972344398498535,
27.900000000000002,-2721.6298828125,2.595549801753805e-07,-1173.1116943359375,-97.42582702636719,-4.460679531097412,-2.9367785453796387,-97.50582885742188,4.042330265045166,-2.896885395050049,
28.0,-2741.67431640625,2.61568487758268e-07,-1182.17822265625,-97.76213836669922,-4.460516452789307,-2.9364702701568604,-97.88638305664062,4.041694641113281,-2.8965373039245605,
28.1,-2741.0712890625,2.6375633410680166e-07,-1181.482666015625,-98.14269256591797,-4.460331916809082,-2.936121702194214,-98.22268676757812,4.041132926940918,-2.896228551864624,
28.200000000000003,-2761.068115234375,2.659474489519198e-07,-1190.494140625,-98.48783874511719,-4.460164546966553,-2.935805559158325,-98.62093353271484,4.040467739105225,-2.895864248275757,
28.3,-2760.46484375,2.6814342390935053e-07,-1189.798583984375,-98.87724304199219,-4.459975719451904,-2.9354491233825684,-98.95724487304688,4.0399065017700195,-2.8955559730529785,
28.400000000000002,-2770.1298828125,2.70461811169298e-07,-1193.920166015625,-99.24895477294922,-4.4597954750061035,-2.9351086616516113,-99.32894134521484,4.039305686950684,-2.8952152729034424,
28.5,-2779.763427734375,2.7290633397569763e-07,-1198.0050048828125,-99.62950897216797,-4.459610939025879,-2.934760093688965,-99.70950317382812,4.038690567016602,-2.894867420196533,
28.6,-2799.85546875,2.747781593370746e-07,-1207.126220703125,-100.00120544433594,-4.45943021774292,-2.9344193935394287,-100.08120727539062,4.038089275360107,-2.894526958465576,
28.700000000000003,-2809.552490234375,2.770142941699305e-07,-1211.283935546875,-100.32865905761719,-4.4592719078063965,-2.93411922454834,-100.45291137695312,4.03748893737793,-2.89418625831604,
28.8,-2808.917724609375,2.793856879179657e-07,-1210.5521240234375,-100.72692108154297,-4.459078788757324,-2.9337549209594727,-100.80691528320312,4.036916732788086,-2.8938615322113037,
28.900000000000002,-2818.630615234375,2.815982611537038e-07,-1214.7286376953125,-101.08977508544922,-4.458902835845947,-2.933422088623047,-101.16976165771484,4.036330223083496,-2.8935296535491943,
29.0,-2828.2958984375,2.840129411652015e-07,-1218.8499755859375,-101.45262145996094,-4.45872688293457,-2.9330902099609375,-101.53262329101562,4.035743713378906,-2.893197536468506,
29.1,-2848.260986328125,2.864549628611712e-07,-1227.8248291015625,-101.79778289794922,-4.458559513092041,-2.932774066925049,-101.87776947021484,4.035185813903809,-2.892881393432617,
29.200000000000003,-2847.64208984375,2.8886751124446164e-07,-1227.1114501953125,-102.18718719482422,-4.458370685577393,-2.932417631149292,-102.26717376708984,4.0345563888549805,-2.892524242401123,
29.3,-2867.607421875,2.9137839874238125e-07,-1236.0859375,-102.53234100341797,-4.458203315734863,-2.9321014881134033,-102.61233520507812,4.034011363983154,-2.8922080993652344,
29.400000000000002,-2866.98828125,2.938666909813037e-07,-1235.37255859375,-102.92174530029297,-4.458014488220215,-2.9317448139190674,-103.00173950195312,4.033402919769287,-2.8918516635894775,
29.5,-2886.9853515625,2.963327290217421e-07,-1244.3839111328125,-103.25804138183594,-4.457851409912109,-2.931436061859131,-103.38229370117188,4.032808303833008,-2.89150333404541,
29.6,-2886.3505859375,2.989795859775768e-07,-1243.652099609375,-103.65629577636719,-4.457658290863037,-2.9310717582702637,-103.73629760742188,4.032255172729492,-2.891178607940674,
29.700000000000003,-2906.442626953125,3.011396643159969e-07,-1252.7734375,-103.98375701904297,-4.4574995040893555,-2.930772066116333,-104.10799407958984,4.031674385070801,-2.8908379077911377,
29.8,-2916.155517578125,3.036867894934403e-07,-1256.949951171875,-104.39085388183594,-4.457302093505859,-2.930398464202881,-104.47085571289062,4.031107425689697,-2.8905060291290283,
29.900000000000002,-2925.8525390625,3.063593965180189e-07,-1261.1080322265625,-104.71830749511719,-4.457143306732178,-2.93009877204895,-104.84255981445312,4.030526638031006,-2.890165328979492,
